{
  "version": 1,
  "author": "Anonymous maker",
  "editor": "wokwi",
  "parts": [
    { "type": "wokwi-arduino-uno", "id": "uno", "top": 0, "left": 0, "attrs": {} },
    {
      "type": "wokwi-ntc-temperature-sensor",
      "id": "ntc1",
      "top": -130.63,
      "left": 11.15,
      "attrs": { "beta": "3950", "temperature": "33" }
    },
    {
      "type": "wokwi-led",
      "id": "led1",
      "top": -63.63,
      "left": 76.03,
      "attrs": { "color": "red" }
    },
    {
      "type": "wokwi-led",
      "id": "led2",
      "top": -65.98,
      "left": 177.43,
      "attrs": { "color": "red" }
    },
    {
      "type": "wokwi-led",
      "id": "led3",
      "top": -62.84,
      "left": 127.13,
      "attrs": { "color": "red" }
    },
    {
      "type": "wokwi-resistor",
      "id": "r1",
      "top": -21.84,
      "left": 31.96,
      "attrs": { "value": "1000" }
    },
    {
      "type": "wokwi-resistor",
      "id": "r2",
      "top": -22.46,
      "left": 229.3,
      "attrs": { "value": "1000" }
    },
    {
      "type": "wokwi-resistor",
      "id": "r3",
      "top": -22.46,
      "left": 135.21,
      "attrs": { "value": "1000" }
    }
  ],
  "connections": [
    [ "ntc1:OUT", "uno:A0", "green", [ "h178", "v319", "h-81" ] ],
    [ "ntc1:VCC", "uno:VIN", "red", [ "h206", "v351", "h-137" ] ],
    [ "ntc1:GND", "uno:GND.1", "black", [ "h26", "v78", "h-58" ] ],
    [ "led1:A", "r1:2", "green", [ "v0" ] ],
    [ "r2:1", "led2:A", "green", [ "v0" ] ],
    [ "led3:A", "r3:1", "green", [ "v0" ] ],
    [ "led1:C", "uno:AREF", "green", [ "v0" ] ],
    [ "led3:C", "uno:11", "green", [ "v0" ] ],
    [ "led2:C", "uno:6", "green", [ "v0" ] ]
  ]
}